Workbook
Name JR_PAGE_ANCHOR_0_1: #REF!

Sheet RAW
A1: Bagi Hasil Teknisi — Cabang JATIMULYA
A2: Periode: 24 Juli 2026 – 23 Agustus 2026 · Tarif: Interface 20%, Normal 30%, Mati Total 32%, Promo 60%, Lainnya 30%, pembanding flat 30% | K2: lencana teknisi 35,5% | L2: lencana teknisi 37,5%
J3: 0.2 | K3: 0.3 | L3: 0.32 | M3: 0.6 | N3: 0.3
A4: Nama Teknisi | B4: Cabang | C4: Baris | D4: Omzet Interface | E4: Omzet Normal | F4: Omzet Mati Total | G4: Omzet Promo | H4: Omzet Lainnya | I4: Omzet Jasa (Total) | J4: Bagi Hasil Interface | K4: Bagi Hasil Normal | L4: Bagi Hasil Mati Total | M4: Bagi Hasil Promo | N4: Bagi Hasil Lainnya | O4: Total Bagi Hasil (Aturan) | P4: Pembanding 30% | Q4: Selisih | R4: Efektif % | S4: Potongan Refund | T4: Potongan AR | U4: Potongan Kasbon | V4: Keterlambatan | W4: Potongan Minus Audit | X4: Potongan Audit Compliance | Y4: Biaya Pendaftaran Koperasi | Z4: Simpanan Pokok | AA4: Simpanan Wajib | AB4: Total Potongan | AC4: Gaji Teknisi | AD4: Nett Bagi hasil | AE4: Cadangan 7 Tahun / bulan | AF4: Cadangan 7 Tahun | AG4: Total Cadangan 7 Tahun
A5: ABDUL MUNAJAT | B5: JATIMULYA | C5: 69 | D5: 14844000 | E5: 21284000 | F5: 3922000 | G5: 0 | H5: 350000 | I5: 40400000 | J5: =D5*$J$3 -> 2968800 | K5: =E5*$K$3 -> 6385200 | L5: =F5*$L$3 -> 1255040 | M5: =G5*$M$3 -> 0 | N5: =H5*$N$3 -> 105000 | O5: =SUM(J5:N5) -> 10714040 | P5: =I5*30% -> 12120000 | Q5: =O5-P5 -> -1405960 | R5: 26.5 | AA5: 100000 | AB5: =SUM(S5:AA5) -> 100000 | AC5: 0 | AD5: =O5-AB5 -> 10614040 | AG5: =AE5+AF5 -> 0
A6: EKO RISDIYANTORO JATIMULYA | B6: JATIMULYA | C6: 149 | D6: 9963500 | E6: 10939000 | F6: 5469000 | G6: 0 | H6: 7752000 | I6: 34123500 | J6: =D6*$J$3 -> 1992700 | K6: =E6*35.5% -> 3883345 | L6: =F6*37.5% -> 2050875 | M6: =G6*$M$3 -> 0 | N6: =H6*$N$3 -> 2325600 | O6: =SUM(J6:N6) -> 10252520 | P6: =I6*30% -> 10237050 | Q6: =O6-P6 -> 15470 | R6: 30 | U6: 343805 | AA6: 100000 | AB6: =SUM(S6:AA6) -> 443805 | AC6: 0 | AD6: =O6-AB6 -> 9808715 | AG6: =AE6+AF6 -> 0
A7: SYARIF HIDAYAT | B7: JATIMULYA | C7: 89 | D7: 13257000 | E7: 8620000 | F7: 9462000 | G7: 0 | H7: 0 | I7: 31339000 | J7: =D7*$J$3 -> 2651400 | K7: =E7*$K$3 -> 2586000 | L7: =F7*$L$3 -> 3027840 | M7: =G7*$M$3 -> 0 | N7: =H7*$N$3 -> 0 | O7: =SUM(J7:N7) -> 8265240 | P7: =I7*30% -> 9401700 | Q7: =O7-P7 -> -1136460 | R7: 26.4 | S7: =281000*30% -> 84300 | AA7: 100000 | AB7: =SUM(S7:AA7) -> 184300 | AC7: 0 | AD7: =O7-AB7 -> 8080940 | AG7: =AE7+AF7 -> 0
A8: ARIFIN SANTOSO JATIMULYA | B8: JATIMULYA | C8: 56 | D8: 11493000 | E8: 10488000 | F8: 1331000 | G8: 0 | H8: 0 | I8: 23312000 | J8: =D8*$J$3 -> 2298600 | K8: =E8*$K$3 -> 3146400 | L8: =F8*$L$3 -> 425920 | M8: =G8*$M$3 -> 0 | N8: =H8*$N$3 -> 0 | O8: =SUM(J8:N8) -> 5870920 | P8: =I8*30% -> 6993600 | Q8: =O8-P8 -> -1122680 | R8: 25.2 | S8: =200000*30% -> 60000 | AA8: 100000 | AB8: =SUM(S8:AA8) -> 160000 | AC8: 0 | AD8: =O8-AB8 -> 5710920 | AE8: =I8*5% -> 1165600 | AF8: 51560605 | AG8: =AE8+AF8 -> 52726205
A9: ROBI PRAYOGA | B9: JATIMULYA | C9: 115 | D9: 13636000 | E9: 4399000 | F9: 0 | G9: 0 | H9: 731000 | I9: 18766000 | J9: =D9*$J$3 -> 2727200 | K9: =E9*$K$3 -> 1319700 | L9: =F9*$L$3 -> 0 | M9: =G9*$M$3 -> 0 | N9: =H9*$N$3 -> 219300 | O9: =SUM(J9:N9) -> 4266200 | P9: =I9*30% -> 5629800 | Q9: =O9-P9 -> -1363600 | R9: 22.7 | S9: =135000*20% -> 27000 | Y9: 30000 | Z9: 100000 | AB9: =SUM(S9:AA9) -> 157000 | AC9: 0 | AD9: =O9-AB9 -> 4109200 | AG9: =AE9+AF9 -> 0
A10: ARI MARWAN | B10: JATIMULYA | C10: 102 | D10: 9935750 | E10: 6455500 | F10: 135000 | G10: 0 | H10: 625000 | I10: 17151250 | J10: =D10*$J$3 -> 1987150 | K10: =E10*$K$3 -> 1936650 | L10: =F10*$L$3 -> 43200 | M10: =G10*$M$3 -> 0 | N10: =H10*$N$3 -> 187500 | O10: =SUM(J10:N10) -> 4154500 | P10: =I10*30% -> 5145375 | Q10: =O10-P10 -> -990875 | R10: 24.2 | S10: =400000*30% -> 120000 | AA10: 100000 | AB10: =SUM(S10:AA10) -> 220000 | AC10: 0 | AD10: =O10-AB10 -> 3934500 | AG10: =AE10+AF10 -> 0
A11: YUVI NOFERIANTO | B11: JATIMULYA | C11: 1 | D11: 0 | E11: 331000 | F11: 0 | G11: 0 | H11: 0 | I11: 331000 | J11: =D11*$J$3 -> 0 | K11: =E11*$K$3 -> 99300 | L11: =F11*$L$3 -> 0 | M11: =G11*$M$3 -> 0 | N11: =H11*$N$3 -> 0 | O11: =SUM(J11:N11) -> 99300 | P11: =I11*30% -> 99300 | Q11: =O11-P11 -> 0 | R11: 30 | S11: =175000*30% -> 52500 | AB11: =SUM(S11:AA11) -> 52500 | AC11: 0 | AD11: =O11-AB11 -> 46800 | AG11: =AE11+AF11 -> 0
A12: IKANG TAUFIK (OPIK) | B12: JATIMULYA | C12: 1 | D12: 150000 | E12: 0 | F12: 0 | G12: 0 | H12: 0 | I12: 150000 | J12: =D12*$J$3 -> 30000 | K12: =E12*$K$3 -> 0 | L12: =F12*$L$3 -> 0 | M12: =G12*$M$3 -> 0 | N12: =H12*$N$3 -> 0 | O12: =SUM(J12:N12) -> 30000 | P12: =I12*30% -> 45000 | Q12: =O12-P12 -> -15000 | R12: 20 | AB12: =SUM(S12:AA12) -> 0 | AC12: 0 | AD12: =O12-AB12 -> 30000 | AG12: =AE12+AF12 -> 0
A13: TOTAL | C13: =SUM(C5:C12) -> 582 | D13: =SUM(D5:D12) -> 73279250 | E13: =SUM(E5:E12) -> 62516500 | F13: =SUM(F5:F12) -> 20319000 | G13: =SUM(G5:G12) -> 0 | H13: =SUM(H5:H12) -> 9458000 | I13: =SUM(I5:I12) -> 165572750 | J13: =SUM(J5:J12) -> 14655850 | ... Q13: =SUM(Q5:Q12) -> -6019105 | R13: =IF(I13=0,0,O13/I13*100) -> 26.364677 | S13: =SUM(S5:S12) -> 343800 | T13: =SUM(T5:T12) -> 0 | U13: =SUM(U5:U12) -> 343805 | V13: =SUM(V5:V12) -> 0 | W13: =SUM(W5:W12) -> 0 | X13: =SUM(X5:X12) -> 0 | Y13: =SUM(Y5:Y12) -> 30000 | Z13: =SUM(Z5:Z12) -> 100000 | ... AG13: =SUM(AG5:AG12) -> 52726205

Sheet FINAL
B2: DAFTAR BAGI HASIL MFLASH JATIMULYA PT MADINAH MULTIMEDIA TELEKOMUNIKASI
B3: TEKNISI HANDPHONE & LAPTOP
B4: PERIODE: | D4: AGUSTUS 2026
B7: NO | C7: NIK | D7: NAMA | E7: JABATAN | F7: LOKASI KERJA | G7: Bank | H7: No. Rek. | I7: A/n | J7: DATA REKENING | K7: STATUS KARYAWAN | L7: TOTAL LABA KOTOR JASA SERVICE HP | M7: PENERIMAAN BAGI HASIL | N7: PENDAPATAN LAIN-LAIN | O7: TOTAL PENDAPATAN | P7: Potongan Refund | Q7: Potongan AR | R7: Potongan Kasbon | S7: Keterlambatan | T7: Potongan Minus Audit | U7: Potongan Audit Compliance | V7: Biaya Pendaftaran Koperasi | W7: Simpanan Pokok | X7: Simpanan Wajib | Y7: Total Potongan | Z7: BAGI HASIL NETT | AA7: INFORMASI
B8: 1 | D8: =RAW!A5 -> ABDUL MUNAJAT | E8: Teknisi | F8: =RAW!B5 -> JATIMULYA | G8: BSI | J8: =CONCATENATE($G$7,G8,$H$7,H8,$I$7,I8) -> Bank BSI No. Rek. A/n | K8: MITRA | L8: =RAW!I5 -> 40400000 | M8: =RAW!O5 -> 10714040 | N8: =RAW!AC5 -> 0 | O8: =SUM(M8:N8) -> 10714040 | P8: =RAW!S5 -> 0 | Q8: =RAW!T5 -> 0 | R8: =RAW!U5 -> 0 | S8: =RAW!V5 -> 0 | T8: =RAW!W5 -> 0 | U8: =RAW!X5 -> 0 | V8: =RAW!Y5 -> 0 | W8: =RAW!Z5 -> 0 | ... Y8: =RAW!AB5 -> 100000 | Z8: =O8-Y8 -> 10614040 | AA8: =_xludf.TEXTJOIN(" | ",TRUE,IF(V8>0,"Biaya Pendaftaran Koperasi: "&TEXT(V8,"#.##0"),""),IF(W8>0,"Simpanan Pokok: "&TEXT(W8,"#.##0"),""),IF(X8>0,"Simpanan Wajib: "&TEXT(X8,"#.##0"),"")) -> #NAME?
B9: 2 | D9: =RAW!A6 -> EKO RISDIYANTORO JATIMULYA | E9: Teknisi | F9: =RAW!B6 -> JATIMULYA | G9: BSI | J9: =CONCATENATE($G$7,G9,$H$7,H9,$I$7,I9) -> Bank BSI No. Rek. A/n | K9: MITRA | L9: =RAW!I6 -> 34123500 | M9: =RAW!O6 -> 10252520 | N9: =RAW!AC6 -> 0 | O9: =SUM(M9:N9) -> 10252520 | P9: =RAW!S6 -> 0 | Q9: =RAW!T6 -> 0 | R9: =RAW!U6 -> 343805 | S9: =RAW!V6 -> 0 | T9: =RAW!W6 -> 0 | U9: =RAW!X6 -> 0 | V9: =RAW!Y6 -> 0 | W9: =RAW!Z6 -> 0 | ... Y9: =RAW!AB6 -> 443805 | Z9: =O9-Y9 -> 9808715 | AA9: =_xludf.TEXTJOIN(" | ",TRUE,IF(V9>0,"Biaya Pendaftaran Koperasi: "&TEXT(V9,"#.##0"),""),IF(W9>0,"Simpanan Pokok: "&TEXT(W9,"#.##0"),""),IF(X9>0,"Simpanan Wajib: "&TEXT(X9,"#.##0"),"")) -> #NAME?
B10: 3 | D10: =RAW!A7 -> SYARIF HIDAYAT | E10: Teknisi | F10: =RAW!B7 -> JATIMULYA | G10: BSI | J10: =CONCATENATE($G$7,G10,$H$7,H10,$I$7,I10) -> Bank BSI No. Rek. A/n | K10: MITRA | L10: =RAW!I7 -> 31339000 | M10: =RAW!O7 -> 8265240 | N10: =RAW!AC7 -> 0 | O10: =SUM(M10:N10) -> 8265240 | P10: =RAW!S7 -> 84300 | Q10: =RAW!T7 -> 0 | R10: =RAW!U7 -> 0 | S10: =RAW!V7 -> 0 | T10: =RAW!W7 -> 0 | U10: =RAW!X7 -> 0 | V10: =RAW!Y7 -> 0 | W10: =RAW!Z7 -> 0 | ... Y10: =RAW!AB7 -> 184300 | Z10: =O10-Y10 -> 8080940 | AA10: =_xludf.TEXTJOIN(" | ",TRUE,IF(V10>0,"Biaya Pendaftaran Koperasi: "&TEXT(V10,"#.##0"),""),IF(W10>0,"Simpanan Pokok: "&TEXT(W10,"#.##0"),""),IF(X10>0,"Simpanan Wajib: "&TEXT(X10,"#.##0"),"")) -> #NAME?
B11: 4 | D11: =RAW!A8 -> ARIFIN SANTOSO JATIMULYA | E11: Teknisi | F11: =RAW!B8 -> JATIMULYA | G11: BSI | J11: =CONCATENATE($G$7,G11,$H$7,H11,$I$7,I11) -> Bank BSI No. Rek. A/n | K11: MITRA | L11: =RAW!I8 -> 23312000 | M11: =RAW!O8 -> 5870920 | N11: =RAW!AC8 -> 0 | O11: =SUM(M11:N11) -> 5870920 | P11: =RAW!S8 -> 60000 | Q11: =RAW!T8 -> 0 | R11: =RAW!U8 -> 0 | S11: =RAW!V8 -> 0 | T11: =RAW!W8 -> 0 | U11: =RAW!X8 -> 0 | V11: =RAW!Y8 -> 0 | W11: =RAW!Z8 -> 0 | ... Y11: =RAW!AB8 -> 160000 | Z11: =O11-Y11 -> 5710920 | AA11: =_xludf.TEXTJOIN(" | ",TRUE,IF(V11>0,"Biaya Pendaftaran Koperasi: "&TEXT(V11,"#.##0"),""),IF(W11>0,"Simpanan Pokok: "&TEXT(W11,"#.##0"),""),IF(X11>0,"Simpanan Wajib: "&TEXT(X11,"#.##0"),"")) -> #NAME?
B12: 5 | D12: =RAW!A9 -> ROBI PRAYOGA | E12: Teknisi | F12: =RAW!B9 -> JATIMULYA | G12: BSI | J12: =CONCATENATE($G$7,G12,$H$7,H12,$I$7,I12) -> Bank BSI No. Rek. A/n | K12: MITRA | L12: =RAW!I9 -> 18766000 | M12: =RAW!O9 -> 4266200 | N12: =RAW!AC9 -> 0 | O12: =SUM(M12:N12) -> 4266200 | P12: =RAW!S9 -> 27000 | Q12: =RAW!T9 -> 0 | R12: =RAW!U9 -> 0 | S12: =RAW!V9 -> 0 | T12: =RAW!W9 -> 0 | U12: =RAW!X9 -> 0 | V12: =RAW!Y9 -> 30000 | W12: =RAW!Z9 -> 100000 | ... Y12: =RAW!AB9 -> 157000 | Z12: =O12-Y12 -> 4109200 | AA12: =_xludf.TEXTJOIN(" | ",TRUE,IF(V12>0,"Biaya Pendaftaran Koperasi: "&TEXT(V12,"#.##0"),""),IF(W12>0,"Simpanan Pokok: "&TEXT(W12,"#.##0"),""),IF(X12>0,"Simpanan Wajib: "&TEXT(X12,"#.##0"),"")) -> #NAME?
B13: 6 | D13: =RAW!A10 -> ARI MARWAN | E13: Teknisi | F13: =RAW!B10 -> JATIMULYA | G13: BSI | J13: =CONCATENATE($G$7,G13,$H$7,H13,$I$7,I13) -> Bank BSI No. Rek. A/n | K13: MITRA | L13: =RAW!I10 -> 17151250 | M13: =RAW!O10 -> 4154500 | N13: =RAW!AC10 -> 0 | O13: =SUM(M13:N13) -> 4154500 | P13: =RAW!S10 -> 120000 | Q13: =RAW!T10 -> 0 | R13: =RAW!U10 -> 0 | S13: =RAW!V10 -> 0 | T13: =RAW!W10 -> 0 | U13: =RAW!X10 -> 0 | V13: =RAW!Y10 -> 0 | W13: =RAW!Z10 -> 0 | ... Y13: =RAW!AB10 -> 220000 | Z13: =O13-Y13 -> 3934500 | AA13: =_xludf.TEXTJOIN(" | ",TRUE,IF(V13>0,"Biaya Pendaftaran Koperasi: "&TEXT(V13,"#.##0"),""),IF(W13>0,"Simpanan Pokok: "&TEXT(W13,"#.##0"),""),IF(X13>0,"Simpanan Wajib: "&TEXT(X13,"#.##0"),"")) -> #NAME?
B14: 7 | D14: =RAW!A11 -> YUVI NOFERIANTO | E14: Teknisi | F14: =RAW!B11 -> JATIMULYA | G14: BSI | J14: =CONCATENATE($G$7,G14,$H$7,H14,$I$7,I14) -> Bank BSI No. Rek. A/n | K14: MITRA | L14: =RAW!I11 -> 331000 | M14: =RAW!O11 -> 99300 | N14: =RAW!AC11 -> 0 | O14: =SUM(M14:N14) -> 99300 | P14: =RAW!S11 -> 52500 | Q14: =RAW!T11 -> 0 | R14: =RAW!U11 -> 0 | S14: =RAW!V11 -> 0 | T14: =RAW!W11 -> 0 | U14: =RAW!X11 -> 0 | V14: =RAW!Y11 -> 0 | W14: =RAW!Z11 -> 0 | ... Y14: =RAW!AB11 -> 52500 | Z14: =O14-Y14 -> 46800 | AA14: =_xludf.TEXTJOIN(" | ",TRUE,IF(V14>0,"Biaya Pendaftaran Koperasi: "&TEXT(V14,"#.##0"),""),IF(W14>0,"Simpanan Pokok: "&TEXT(W14,"#.##0"),""),IF(X14>0,"Simpanan Wajib: "&TEXT(X14,"#.##0"),"")) -> #NAME?
B15: 8 | D15: =RAW!A12 -> IKANG TAUFIK (OPIK) | E15: Teknisi | F15: =RAW!B12 -> JATIMULYA | G15: BSI | J15: =CONCATENATE($G$7,G15,$H$7,H15,$I$7,I15) -> Bank BSI No. Rek. A/n | K15: MITRA | L15: =RAW!I12 -> 150000 | M15: =RAW!O12 -> 30000 | N15: =RAW!AC12 -> 0 | O15: =SUM(M15:N15) -> 30000 | P15: =RAW!S12 -> 0 | Q15: =RAW!T12 -> 0 | R15: =RAW!U12 -> 0 | S15: =RAW!V12 -> 0 | T15: =RAW!W12 -> 0 | U15: =RAW!X12 -> 0 | V15: =RAW!Y12 -> 0 | W15: =RAW!Z12 -> 0 | ... Y15: =RAW!AB12 -> 0 | Z15: =O15-Y15 -> 30000 | AA15: =_xludf.TEXTJOIN(" | ",TRUE,IF(V15>0,"Biaya Pendaftaran Koperasi: "&TEXT(V15,"#.##0"),""),IF(W15>0,"Simpanan Pokok: "&TEXT(W15,"#.##0"),""),IF(X15>0,"Simpanan Wajib: "&TEXT(X15,"#.##0"),"")) -> #NAME?
B16: TOTAL | L16: =SUM(L8:L15) -> 165572750 | M16: =SUM(M8:M15) -> 43652720 | N16: =SUM(N8:N15) -> 0 | O16: =SUM(O8:O15) -> 43652720 | P16: =SUM(P8:P15) -> 343800 | Q16: =SUM(Q8:Q15) -> 0 | R16: =SUM(R8:R15) -> 343805 | S16: =SUM(S8:S15) -> 0 | ... Z16: =SUM(Z8:Z15) -> 42335115
O19: Jakarta, | P19: =TODAY() -> 46282
D20: Approved by | O20: Prepared by | S20: Prepared by | Y20: Prepared by
D27: Deni Darmawan | O27: Muhamad Yudisya Andita | S27: Galih Permana | Y27: Zaskanul Tibalky
D28: Owner Madinah Group | O28: Corcomm | S28: Finance & Acc Manager | Y28: HR Manager
