Workbook
Name _1157AC_2_2: "$#REF!.$#REF!$#REF!"
Name _1198AC_3_4: "$#REF!.$#REF!$#REF!"
Name _1239AC_4_6: "$#REF!.$#REF!$#REF!"
Name _1742admin_2_1: "$#REF!.$I$3:$I$4"
Name _1744admin_3_2: "$#REF!.$I$3:$I$4"
Name _2836AO_2_2: "$#REF!.$#REF!$#REF!"
Name _2877AO_3_4: "$#REF!.$#REF!$#REF!"
Name _2918AO_4_6: "$#REF!.$#REF!$#REF!"
Name _3515DATE_2_2: "$#REF!.$A$24"
Name _3521DATE_3_4: "$#REF!.$A$24"
Name _3527DATE_4_6: "$#REF!.$A$24"
Name _3649engineering_2_1: "$#REF!.$E$3:$E$4"
Name _3651engineering_3_2: "$#REF!.$E$3:$E$4"
Name _3681Excel_BuiltIn_Database_1: "$#REF!.$B$6:$G$30"
Name _3819GOL_2_2: "$#REF!.$H$7"
Name _3825GOL_3_4: "$#REF!.$H$7"
Name _3831GOL_4_6: "$#REF!.$H$7"
Name _4025HULAIMI_2_2: "$#REF!.$I$109"
Name _4031HULAIMI_3_4: "$#REF!.$I$109"
Name _4606MRAJAK_2_1: "'file://Talafspu401/ccr/Data Induk Prod.Dept/Bonus produksi/3.Incentive KPP/01.Master.xls'#$Master.$#REF!$#REF!"
Name _5343PC_2_1: "$#REF!.$#REF!$#REF!"
Name _6080PO_2_1: "$#REF!.$#REF!$#REF!"
Name _6369PROD_2_1: "$#REF!.$I$47"
Name _63a_2_1: "$#REF!.$A$3:$E$425"
Name _6462Tarif_2_1: "$#REF!.$C$48:$D$55"
Name _65a_3_2: "$#REF!.$A$3:$E$425"
Name _7003TRF_2_1: "'file://Talafspu401/ccr/Data Induk Prod.Dept/Bonus produksi/3.Incentive KPP/06.Desember.xls'#$'Master '.$#REF!$#REF!:$#REF!$#REF!"
Name a_1: "$#REF!.$A$3:$E$425"
Name a_1_1: "$#REF!.$A$3:$E$425"
Name a_2: "$#REF!.$A$3:$E$425"
Name a_2_1: "$#REF!.$A$3:$E$425"
Name a_3: "$#REF!.$A$3:$E$425"
Name a_3_2: "$#REF!.$A$3:$E$425"
Name aa: "'file://Talafspu401/ccr/Data Induk Prod.Dept/Bonus produksi/3.Incentive KPP/01.Master.xls'#$Master.$#REF!$#REF!"
Name AC: "$#REF!.$#REF!$#REF!"
Name AC_1: "$#REF!.$#REF!$#REF!"
Name AC_1_1: "$#REF!.$#REF!$#REF!"
Name AC_2: "$#REF!.$#REF!$#REF!"
Name AC_2_1: "$#REF!.$#REF!$#REF!"
Name AC_2_2: "$#REF!.$#REF!$#REF!"
Name AC_3: "$#REF!.$#REF!$#REF!"
Name AC_3_4: "$#REF!.$#REF!$#REF!"
Name AC_4: "$#REF!.$#REF!$#REF!"
Name AC_4_6: "$#REF!.$#REF!$#REF!"
Name admin: "$#REF!.$I$3:$I$4"
Name admin_1: "$#REF!.$I$3:$I$4"
Name admin_1_1: "$#REF!.$I$3:$I$4"
Name admin_2: "$#REF!.$I$3:$I$4"
Name admin_2_1: "$#REF!.$I$3:$I$4"
Name admin_3: "$#REF!.$I$3:$I$4"
Name admin_3_2: "$#REF!.$I$3:$I$4"
Name AO: "$#REF!.$#REF!$#REF!"
Name AO_1: "$#REF!.$#REF!$#REF!"
Name AO_1_1: "$#REF!.$#REF!$#REF!"
Name AO_2: "$#REF!.$#REF!$#REF!"
Name AO_2_1: "$#REF!.$#REF!$#REF!"
Name AO_2_2: "$#REF!.$#REF!$#REF!"
Name AO_3: "$#REF!.$#REF!$#REF!"
Name AO_3_4: "$#REF!.$#REF!$#REF!"
Name AO_4: "$#REF!.$#REF!$#REF!"

Sheet Sheet new
A1: Khusus 2 teknisi ini masih ada program saudara teknisi
A2: Normal | B2: 5 Mei - 23 Mei | D2: Saudara Teknisi | E2: 24 April-4 Mei
A3: KATEGORI BARANG | B3: Jasa | D3: KATEGORI BARANG | E3: Jasa
A4: TGL FAKTUR | B4: (Multiple Items) | D4: TGL FAKTUR | E4: (Multiple Items)
A6: Row Labels | B6: Sum of TOTAL HARGA | D6: Row Labels | E6: Sum of TOTAL HARGA
A7: ABDUL MUNAJAT | B7: 18425000 | D7: ABDUL MUNAJAT | E7: 15345000
A8: EKO RISDIYANTORO JATIMULYA | B8: 27655425 | D8: EKO RISDIYANTORO JATIMULYA | E8: 9822000
A9: Grand Total | B9: 46080425 | D9: Grand Total | E9: 25167000
A11: Normal | B11: 24 April - 23 Mei
A12: KATEGORI BARANG | B12: Jasa
A13: TGL FAKTUR | B13: (All)
A15: Row Labels | B15: Sum of TOTAL HARGA
A16: ARI MARWAN | B16: 16474000
A17: ARIFIN SANTOSO JATIMULYA | B17: 26552000
A18: BOY RIKARDO | B18: 1139000
A19: MUSTOFA | B19: 15200000
A20: YUVI NOFERIANTO | B20: 19835045
A21: Grand Total | B21: 79200045

Sheet RAW
A1: Bagi Hasil Teknisi — Cabang JATIMULYA
A2: Periode: 24 Juli 2026 – 23 Agustus 2026 · Tarif: Interface 20%, Normal 30%, Mati Total 32%, Promo 60%, Lainnya 30%, pembanding flat 30% | L2: lencana teknisi 35,5% | M2: lencana teknisi 37,5%
J3: 0.02 | K3: 0.2 | L3: 0.3 | M3: 0.32 | N3: 0.6 | O3: 0.3
A4: Nama Teknisi | B4: Cabang | C4: Baris | D4: Omzet Interface | E4: Omzet Normal | F4: Omzet Mati Total | G4: Omzet Promo | H4: Omzet Lainnya | I4: Omzet Jasa (Total) | J4: Bagi Hasil Persaudaraan | K4: Bagi Hasil Interface | L4: Bagi Hasil Normal | M4: Bagi Hasil Mati Total | N4: Bagi Hasil Promo | O4: Bagi Hasil Lainnya | P4: Total Bagi Hasil (Aturan) | Q4: Pembanding 30% | R4: Selisih | S4: Efektif % | T4: Potongan Refund | U4: Potongan AR | V4: Potongan Kasbon | W4: Keterlambatan | X4: Potongan Minus Audit | Y4: Potongan Audit Compliance | Z4: Biaya Pendaftaran Koperasi | AA4: Simpanan Pokok | AB4: Simpanan Wajib | AC4: Total Potongan | AD4: Gaji Teknisi | AE4: Nett Bagi hasil | AF4: Cadangan 7 Tahun / bulan | AG4: Cadangan 7 Tahun | AH4: Total Cadangan 7 Tahun
A5: ABDUL MUNAJAT | B5: JATIMULYA | C5: 69 | D5: 14844000 | E5: 21284000 | F5: 3922000 | G5: 0 | H5: 350000 | I5: 40400000 | J5: =#REF!*$J$3 -> #REF! | K5: =D5*$K$3 -> 2968800 | L5: =E5*$L$3 -> 6385200 | M5: =F5*$M$3 -> 1255040 | N5: =G5*$N$3 -> 0 | O5: =H5*$O$3 -> 105000 | P5: =SUM(J5:O5) -> #REF! | Q5: =I5*30% -> 12120000 | R5: =P5-Q5 -> #REF! | S5: 26.5 | AB5: 100000 | AC5: =SUM(T5:AB5) -> 100000 | AD5: 0 | AE5: =P5-AC5 -> #REF! | AH5: =AF5+AG5 -> 0
A6: EKO RISDIYANTORO JATIMULYA | B6: JATIMULYA | C6: 149 | D6: 9963500 | E6: 10939000 | F6: 5469000 | G6: 0 | H6: 7752000 | I6: 34123500 | J6: =#REF!*$J$3 -> #REF! | K6: =D6*$K$3 -> 1992700 | L6: =E6*35.5% -> 3883345 | M6: =F6*37.5% -> 2050875 | N6: =G6*$N$3 -> 0 | O6: =H6*$O$3 -> 2325600 | P6: =SUM(J6:O6) -> #REF! | Q6: =I6*30% -> 10237050 | R6: =P6-Q6 -> #REF! | S6: 30 | V6: 343805 | AB6: 100000 | AC6: =SUM(T6:AB6) -> 443805 | AD6: 0 | AE6: =P6-AC6 -> #REF! | AH6: =AF6+AG6 -> 0
A7: SYARIF HIDAYAT | B7: JATIMULYA | C7: 89 | D7: 13257000 | E7: 8620000 | F7: 9462000 | G7: 0 | H7: 0 | I7: 31339000 | J7: =#REF!*$J$3 -> #REF! | K7: =D7*$K$3 -> 2651400 | L7: =E7*$L$3 -> 2586000 | M7: =F7*$M$3 -> 3027840 | N7: =G7*$N$3 -> 0 | O7: =H7*$O$3 -> 0 | P7: =SUM(J7:O7) -> #REF! | Q7: =I7*30% -> 9401700 | R7: =P7-Q7 -> #REF! | S7: 26.4 | T7: =281000*30% -> 84300 | AB7: 100000 | AC7: =SUM(T7:AB7) -> 184300 | AD7: 0 | AE7: =P7-AC7 -> #REF! | AH7: =AF7+AG7 -> 0
A8: ARIFIN SANTOSO JATIMULYA | B8: JATIMULYA | C8: 56 | D8: 11493000 | E8: 10488000 | F8: 1331000 | G8: 0 | H8: 0 | I8: 23312000 | J8: =#REF!*$J$3 -> #REF! | K8: =D8*$K$3 -> 2298600 | L8: =E8*$L$3 -> 3146400 | M8: =F8*$M$3 -> 425920 | N8: =G8*$N$3 -> 0 | O8: =H8*$O$3 -> 0 | P8: =SUM(J8:O8) -> #REF! | Q8: =I8*30% -> 6993600 | R8: =P8-Q8 -> #REF! | S8: 25.2 | T8: =200000*30% -> 60000 | AB8: 100000 | AC8: =SUM(T8:AB8) -> 160000 | AD8: 0 | AE8: =P8-AC8 -> #REF! | AF8: =I8*5% -> 1165600 | AG8: 51560605 | AH8: =AF8+AG8 -> 52726205
A9: ROBI PRAYOGA | B9: JATIMULYA | C9: 115 | D9: 13636000 | E9: 4399000 | F9: 0 | G9: 0 | H9: 731000 | I9: 18766000 | J9: 0 | K9: =D9*$K$3 -> 2727200 | L9: =E9*$L$3 -> 1319700 | M9: =F9*$M$3 -> 0 | N9: =G9*$N$3 -> 0 | O9: =H9*$O$3 -> 219300 | P9: =SUM(J9:O9) -> 4266200 | Q9: =I9*30% -> 5629800 | R9: =P9-Q9 -> -1363600 | S9: 22.7 | T9: =135000*20% -> 27000 | Z9: 30000 | AA9: 100000 | AC9: =SUM(T9:AB9) -> 157000 | AD9: 0 | AE9: =P9-AC9 -> 4109200 | AH9: =AF9+AG9 -> 0
A10: ARI MARWAN | B10: JATIMULYA | C10: 102 | D10: 9935750 | E10: 6455500 | F10: 135000 | G10: 0 | H10: 625000 | I10: 17151250 | J10: 0 | K10: =D10*$K$3 -> 1987150 | L10: =E10*$L$3 -> 1936650 | M10: =F10*$M$3 -> 43200 | N10: =G10*$N$3 -> 0 | O10: =H10*$O$3 -> 187500 | P10: =SUM(J10:O10) -> 4154500 | Q10: =I10*30% -> 5145375 | R10: =P10-Q10 -> -990875 | S10: 24.2 | T10: =400000*30% -> 120000 | AB10: 100000 | AC10: =SUM(T10:AB10) -> 220000 | AD10: 0 | AE10: =P10-AC10 -> 3934500 | AH10: =AF10+AG10 -> 0
A11: YUVI NOFERIANTO | B11: JATIMULYA | C11: 1 | D11: 0 | E11: 331000 | F11: 0 | G11: 0 | H11: 0 | I11: 331000 | J11: 0 | K11: =D11*$K$3 -> 0 | L11: =E11*$L$3 -> 99300 | M11: =F11*$M$3 -> 0 | N11: =G11*$N$3 -> 0 | O11: =H11*$O$3 -> 0 | P11: =SUM(J11:O11) -> 99300 | Q11: =I11*30% -> 99300 | R11: =P11-Q11 -> 0 | S11: 30 | T11: =175000*30% -> 52500 | AC11: =SUM(T11:AB11) -> 52500 | AD11: 0 | AE11: =P11-AC11 -> 46800 | AH11: =AF11+AG11 -> 0
A12: IKANG TAUFIK (OPIK) | B12: JATIMULYA | C12: 1 | D12: 150000 | E12: 0 | F12: 0 | G12: 0 | H12: 0 | I12: 150000 | J12: 0 | K12: =D12*$K$3 -> 30000 | L12: =E12*$L$3 -> 0 | M12: =F12*$M$3 -> 0 | N12: =G12*$N$3 -> 0 | O12: =H12*$O$3 -> 0 | P12: =SUM(J12:O12) -> 30000 | Q12: =I12*30% -> 45000 | R12: =P12-Q12 -> -15000 | S12: 20 | AC12: =SUM(T12:AB12) -> 0 | AD12: 0 | AE12: =P12-AC12 -> 30000 | AH12: =AF12+AG12 -> 0
A13: TOTAL | C13: =SUM(C5:C12) -> 582 | D13: =SUM(D5:D12) -> 73279250 | E13: =SUM(E5:E12) -> 62516500 | F13: =SUM(F5:F12) -> 20319000 | G13: =SUM(G5:G12) -> 0 | H13: =SUM(H5:H12) -> 9458000 | I13: =SUM(I5:I12) -> 165572750 | K13: =SUM(K5:K12) -> 14655850 | L13: =SUM(L5:L12) -> 19356595 | M13: =SUM(M5:M12) -> 6802875 | N13: =SUM(N5:N12) -> 0 | O13: =SUM(O5:O12) -> 2837400 | P13: =SUM(P5:P12) -> #REF! | Q13: =SUM(Q5:Q12) -> 49671825 | R13: =SUM(R5:R12) -> #REF! | S13: =IF(I13=0,0,P13/I13*100) -> #REF! | T13: =SUM(T5:T12) -> 343800 | U13: =SUM(U5:U12) -> 0 | V13: =SUM(V5:V12) -> 343805 | W13: =SUM(W5:W12) -> 0 | X13: =SUM(X5:X12) -> 0 | Y13: =SUM(Y5:Y12) -> 0 | Z13: =SUM(Z5:Z12) -> 30000 | AA13: =SUM(AA5:AA12) -> 100000 | ... AH13: =SUM(AH5:AH12) -> 52726205
J14: pake omset total yg di pivot proporsional 4-23 agustus

Sheet FINAL
B2: DAFTAR BAGI HASIL MFLASH JATIMULYA PT MADINAH MULTIMEDIA TELEKOMUNIKASI
B3: TEKNISI HANDPHONE & LAPTOP
B4: PERIODE: | D4: AGUSTUS 2026
B7: NO | C7: NIK | D7: NAMA | E7: JABATAN | F7: LOKASI KERJA | G7: Bank | H7: No. Rek. | I7: A/n | J7: DATA REKENING | K7: STATUS KARYAWAN | L7: TOTAL LABA KOTOR JASA SERVICE HP | M7: PENERIMAAN BAGI HASIL | N7: PENDAPATAN LAIN-LAIN | O7: TOTAL PENDAPATAN | P7: Potongan Refund | Q7: Potongan AR | R7: Potongan Kasbon | S7: Keterlambatan | T7: Potongan Minus Audit | U7: Potongan Audit Compliance | V7: Biaya Pendaftaran Koperasi | W7: Simpanan Pokok | X7: Simpanan Wajib | Y7: Total Potongan | Z7: BAGI HASIL NETT | AA7: INFORMASI
B8: 1 | D8: =RAW!A5 -> ABDUL MUNAJAT | E8: Teknisi | F8: =RAW!B5 -> JATIMULYA | G8: BSI | J8: =CONCATENATE($G$7,G8,$H$7,H8,$I$7,I8) -> Bank BSI No. Rek. A/n | K8: MITRA | L8: =RAW!I5 -> 40400000 | M8: =RAW!P5 -> #REF! | N8: =RAW!AD5 -> 0 | O8: =SUM(M8:N8) -> #REF! | P8: =RAW!T5 -> 0 | Q8: =RAW!U5 -> 0 | R8: =RAW!V5 -> 0 | S8: =RAW!W5 -> 0 | T8: =RAW!X5 -> 0 | U8: =RAW!Y5 -> 0 | V8: =RAW!Z5 -> 0 | W8: =RAW!AA5 -> 0 | ... Y8: =RAW!AC5 -> 100000 | Z8: =O8-Y8 -> #REF! | AA8: =_xlfn.TEXTJOIN(" | ",TRUE,IF(V8>0,"Biaya Pendaftaran Koperasi: "&TEXT(V8,"#.##0"),""),IF(W8>0,"Simpanan Pokok: "&TEXT(W8,"#.##0"),""),IF(X8>0,"Simpanan Wajib: "&TEXT(X8,"#.##0"),"")) -> Simpanan Wajib: 100.000
B9: 2 | D9: =RAW!A6 -> EKO RISDIYANTORO JATIMULYA | E9: Teknisi | F9: =RAW!B6 -> JATIMULYA | G9: BSI | J9: =CONCATENATE($G$7,G9,$H$7,H9,$I$7,I9) -> Bank BSI No. Rek. A/n | K9: MITRA | L9: =RAW!I6 -> 34123500 | M9: =RAW!P6 -> #REF! | N9: =RAW!AD6 -> 0 | O9: =SUM(M9:N9) -> #REF! | P9: =RAW!T6 -> 0 | Q9: =RAW!U6 -> 0 | R9: =RAW!V6 -> 343805 | S9: =RAW!W6 -> 0 | T9: =RAW!X6 -> 0 | U9: =RAW!Y6 -> 0 | V9: =RAW!Z6 -> 0 | W9: =RAW!AA6 -> 0 | ... Y9: =RAW!AC6 -> 443805 | Z9: =O9-Y9 -> #REF! | AA9: =_xlfn.TEXTJOIN(" | ",TRUE,IF(V9>0,"Biaya Pendaftaran Koperasi: "&TEXT(V9,"#.##0"),""),IF(W9>0,"Simpanan Pokok: "&TEXT(W9,"#.##0"),""),IF(X9>0,"Simpanan Wajib: "&TEXT(X9,"#.##0"),"")) -> Simpanan Wajib: 100.000
B10: 3 | D10: =RAW!A7 -> SYARIF HIDAYAT | E10: Teknisi | F10: =RAW!B7 -> JATIMULYA | G10: BSI | J10: =CONCATENATE($G$7,G10,$H$7,H10,$I$7,I10) -> Bank BSI No. Rek. A/n | K10: MITRA | L10: =RAW!I7 -> 31339000 | M10: =RAW!P7 -> #REF! | N10: =RAW!AD7 -> 0 | O10: =SUM(M10:N10) -> #REF! | P10: =RAW!T7 -> 84300 | Q10: =RAW!U7 -> 0 | R10: =RAW!V7 -> 0 | S10: =RAW!W7 -> 0 | T10: =RAW!X7 -> 0 | U10: =RAW!Y7 -> 0 | V10: =RAW!Z7 -> 0 | W10: =RAW!AA7 -> 0 | ... Y10: =RAW!AC7 -> 184300 | Z10: =O10-Y10 -> #REF! | AA10: =_xlfn.TEXTJOIN(" | ",TRUE,IF(V10>0,"Biaya Pendaftaran Koperasi: "&TEXT(V10,"#.##0"),""),IF(W10>0,"Simpanan Pokok: "&TEXT(W10,"#.##0"),""),IF(X10>0,"Simpanan Wajib: "&TEXT(X10,"#.##0"),"")) -> Simpanan Wajib: 100.000
B11: 4 | D11: =RAW!A8 -> ARIFIN SANTOSO JATIMULYA | E11: Teknisi | F11: =RAW!B8 -> JATIMULYA | G11: BSI | J11: =CONCATENATE($G$7,G11,$H$7,H11,$I$7,I11) -> Bank BSI No. Rek. A/n | K11: MITRA | L11: =RAW!I8 -> 23312000 | M11: =RAW!P8 -> #REF! | N11: =RAW!AD8 -> 0 | O11: =SUM(M11:N11) -> #REF! | P11: =RAW!T8 -> 60000 | Q11: =RAW!U8 -> 0 | R11: =RAW!V8 -> 0 | S11: =RAW!W8 -> 0 | T11: =RAW!X8 -> 0 | U11: =RAW!Y8 -> 0 | V11: =RAW!Z8 -> 0 | W11: =RAW!AA8 -> 0 | ... Y11: =RAW!AC8 -> 160000 | Z11: =O11-Y11 -> #REF! | AA11: =_xlfn.TEXTJOIN(" | ",TRUE,IF(V11>0,"Biaya Pendaftaran Koperasi: "&TEXT(V11,"#.##0"),""),IF(W11>0,"Simpanan Pokok: "&TEXT(W11,"#.##0"),""),IF(X11>0,"Simpanan Wajib: "&TEXT(X11,"#.##0"),"")) -> Simpanan Wajib: 100.000
B12: 5 | D12: =RAW!A9 -> ROBI PRAYOGA | E12: Teknisi | F12: =RAW!B9 -> JATIMULYA | G12: BSI | J12: =CONCATENATE($G$7,G12,$H$7,H12,$I$7,I12) -> Bank BSI No. Rek. A/n | K12: MITRA | L12: =RAW!I9 -> 18766000 | M12: =RAW!P9 -> 4266200 | N12: =RAW!AD9 -> 0 | O12: =SUM(M12:N12) -> 4266200 | P12: =RAW!T9 -> 27000 | Q12: =RAW!U9 -> 0 | R12: =RAW!V9 -> 0 | S12: =RAW!W9 -> 0 | T12: =RAW!X9 -> 0 | U12: =RAW!Y9 -> 0 | V12: =RAW!Z9 -> 30000 | W12: =RAW!AA9 -> 100000 | ... Y12: =RAW!AC9 -> 157000 | Z12: =O12-Y12 -> 4109200 | AA12: =_xlfn.TEXTJOIN(" | ",TRUE,IF(V12>0,"Biaya Pendaftaran Koperasi: "&TEXT(V12,"#.##0"),""),IF(W12>0,"Simpanan Pokok: "&TEXT(W12,"#.##0"),""),IF(X12>0,"Simpanan Wajib: "&TEXT(X12,"#.##0"),"")) -> Biaya Pendaftaran Koperasi: 30.000 | Simpanan Pokok: 100.000
B13: 6 | D13: =RAW!A10 -> ARI MARWAN | E13: Teknisi | F13: =RAW!B10 -> JATIMULYA | G13: BSI | J13: =CONCATENATE($G$7,G13,$H$7,H13,$I$7,I13) -> Bank BSI No. Rek. A/n | K13: MITRA | L13: =RAW!I10 -> 17151250 | M13: =RAW!P10 -> 4154500 | N13: =RAW!AD10 -> 0 | O13: =SUM(M13:N13) -> 4154500 | P13: =RAW!T10 -> 120000 | Q13: =RAW!U10 -> 0 | R13: =RAW!V10 -> 0 | S13: =RAW!W10 -> 0 | T13: =RAW!X10 -> 0 | U13: =RAW!Y10 -> 0 | V13: =RAW!Z10 -> 0 | W13: =RAW!AA10 -> 0 | ... Y13: =RAW!AC10 -> 220000 | Z13: =O13-Y13 -> 3934500 | AA13: =_xlfn.TEXTJOIN(" | ",TRUE,IF(V13>0,"Biaya Pendaftaran Koperasi: "&TEXT(V13,"#.##0"),""),IF(W13>0,"Simpanan Pokok: "&TEXT(W13,"#.##0"),""),IF(X13>0,"Simpanan Wajib: "&TEXT(X13,"#.##0"),"")) -> Simpanan Wajib: 100.000
B14: 7 | D14: =RAW!A11 -> YUVI NOFERIANTO | E14: Teknisi | F14: =RAW!B11 -> JATIMULYA | G14: BSI | J14: =CONCATENATE($G$7,G14,$H$7,H14,$I$7,I14) -> Bank BSI No. Rek. A/n | K14: MITRA | L14: =RAW!I11 -> 331000 | M14: =RAW!P11 -> 99300 | N14: =RAW!AD11 -> 0 | O14: =SUM(M14:N14) -> 99300 | P14: =RAW!T11 -> 52500 | Q14: =RAW!U11 -> 0 | R14: =RAW!V11 -> 0 | S14: =RAW!W11 -> 0 | T14: =RAW!X11 -> 0 | U14: =RAW!Y11 -> 0 | V14: =RAW!Z11 -> 0 | W14: =RAW!AA11 -> 0 | ... Y14: =RAW!AC11 -> 52500 | Z14: =O14-Y14 -> 46800 | AA14: =_xlfn.TEXTJOIN(" | ",TRUE,IF(V14>0,"Biaya Pendaftaran Koperasi: "&TEXT(V14,"#.##0"),""),IF(W14>0,"Simpanan Pokok: "&TEXT(W14,"#.##0"),""),IF(X14>0,"Simpanan Wajib: "&TEXT(X14,"#.##0"),""))
B15: 8 | D15: =RAW!A12 -> IKANG TAUFIK (OPIK) | E15: Teknisi | F15: =RAW!B12 -> JATIMULYA | G15: BSI | J15: =CONCATENATE($G$7,G15,$H$7,H15,$I$7,I15) -> Bank BSI No. Rek. A/n | K15: MITRA | L15: =RAW!I12 -> 150000 | M15: =RAW!P12 -> 30000 | N15: =RAW!AD12 -> 0 | O15: =SUM(M15:N15) -> 30000 | P15: =RAW!T12 -> 0 | Q15: =RAW!U12 -> 0 | R15: =RAW!V12 -> 0 | S15: =RAW!W12 -> 0 | T15: =RAW!X12 -> 0 | U15: =RAW!Y12 -> 0 | V15: =RAW!Z12 -> 0 | W15: =RAW!AA12 -> 0 | ... Y15: =RAW!AC12 -> 0 | Z15: =O15-Y15 -> 30000 | AA15: =_xlfn.TEXTJOIN(" | ",TRUE,IF(V15>0,"Biaya Pendaftaran Koperasi: "&TEXT(V15,"#.##0"),""),IF(W15>0,"Simpanan Pokok: "&TEXT(W15,"#.##0"),""),IF(X15>0,"Simpanan Wajib: "&TEXT(X15,"#.##0"),""))
B16: TOTAL | L16: =SUM(L8:L15) -> 165572750 | M16: =SUM(M12:M15) -> 8550000 | N16: =SUM(N8:N15) -> 0 | O16: =SUM(O12:O15) -> 8550000 | P16: =SUM(P8:P15) -> 343800 | Q16: =SUM(Q8:Q15) -> 0 | R16: =SUM(R8:R15) -> 343805 | S16: =SUM(S8:S15) -> 0 | T16: =SUM(T8:T15) -> 0 | U16: =SUM(U8:U15) -> 0 | V16: =SUM(V8:V15) -> 30000 | W16: =SUM(W8:W15) -> 100000 | ... Y16: =SUM(Y8:Y15) -> 1317605 | Z16: =SUM(Z12:Z15) -> 8120500
O19: Jakarta, | P19: =TODAY() -> 46261
D20: Approved by | O20: Prepared by | S20: Prepared by | Y20: Prepared by
D27: Deni Darmawan | O27: Muhamad Yudisya Andita | S27: Galih Permana | Y27: Zaskanul Tibalky
D28: Owner Madinah Group | O28: Corcomm | S28: Finance & Acc Manager | Y28: HR Manager
